{"cameraMode":{"drawMode":0,"name":"Shaded","section":"Shading Mode"},"sceneLighting":true,"audioPlay":false,"sceneViewState":{"m_AlwaysRefresh":false,"showFog":true,"showSkybox":true,"showFlares":true,"showImageEffects":true,"showParticleSystems":true,"showVisualEffectGraphs":true,"m_FxEnabled":true},"in2DMode":false,"pivot":{"x":-0.023294493556022645,"y":0.6289727687835693,"z":0.032042235136032107},"rotation":{"x":-0.07957737892866135,"y":0.8750503659248352,"z":-0.15409353375434876,"w":-0.45189571380615237},"size":0.32097068428993227,"orthographic":false}